,country,food_category,total_consumption,total_co2_emission,states
0,Albania,Beef,22.5,694.3,Europe
1,Albania,Eggs,12.45,11.44,Europe
2,Albania,Fish,3.85,6.15,Europe
3,Albania,Lamb & Goat,15.32,536.5,Europe
4,Albania,Milk - inc. cheese,303.72,432.62,Europe
5,Albania,Nuts inc. Peanut Butter,4.359999999999999,7.72,Europe
6,Albania,Pork,10.88,38.51,Europe
7,Albania,Poultry,13.23,14.21,Europe
8,Albania,Rice,7.78,9.96,Europe
9,Albania,Soybeans,0.0,0.0,Europe
10,Albania,Wheat and Wheat Products,138.64,26.44,Europe
11,Algeria,Beef,5.6,172.8,Africa
12,Algeria,Eggs,8.06,7.4,Africa
13,Algeria,Fish,3.74,5.970000000000001,Africa
14,Algeria,Lamb & Goat,7.689999999999999,269.3,Africa
15,Algeria,Milk - inc. cheese,141.53,201.6,Africa
16,Algeria,Nuts inc. Peanut Butter,2.08,3.68,Africa
17,Algeria,Pork,0.0,0.0,Africa
18,Algeria,Poultry,7.42,7.970000000000001,Africa
19,Algeria,Rice,2.97,3.8,Africa
20,Algeria,Soybeans,0.0,0.0,Africa
21,Algeria,Wheat and Wheat Products,185.42,35.36,Africa
22,Angola,Beef,8.42,259.82,Africa
23,Angola,Eggs,1.11,1.02,Africa
24,Angola,Fish,15.239999999999998,24.33,Africa
25,Angola,Lamb & Goat,1.08,37.82,Africa
26,Angola,Milk - inc. cheese,12.3,17.52,Africa
27,Angola,Nuts inc. Peanut Butter,2.26,4.0,Africa
28,Angola,Pork,8.89,31.47,Africa
29,Angola,Poultry,17.330000000000002,18.62,Africa
30,Angola,Rice,8.12,10.39,Africa
31,Angola,Soybeans,0.52,0.23,Africa
32,Angola,Wheat and Wheat Products,40.720000000000006,7.77,Africa
33,Argentina,Beef,55.48,1712.0,South America
34,Argentina,Eggs,11.39,10.46,South America
35,Argentina,Fish,4.359999999999999,6.96,South America
36,Argentina,Lamb & Goat,1.56,54.63,South America
37,Argentina,Milk - inc. cheese,195.08,277.87,South America
38,Argentina,Nuts inc. Peanut Butter,0.49,0.8700000000000001,South America
39,Argentina,Pork,10.51,37.2,South America
40,Argentina,Poultry,38.66,41.53,South America
41,Argentina,Rice,8.77,11.22,South America
42,Argentina,Soybeans,0.0,0.0,South America
43,Argentina,Wheat and Wheat Products,103.11,19.66,South America
44,Armenia,Beef,19.66,606.6700000000001,Asia
45,Armenia,Eggs,11.69,10.739999999999998,Asia
46,Armenia,Fish,4.359999999999999,6.96,Asia
47,Armenia,Lamb & Goat,3.02,105.76,Asia
48,Armenia,Milk - inc. cheese,209.03,297.74,Asia
49,Armenia,Nuts inc. Peanut Butter,2.55,4.51,Asia
50,Armenia,Pork,9.67,34.230000000000004,Asia
51,Armenia,Poultry,13.35,14.34,Asia
52,Armenia,Rice,3.18,4.07,Asia
53,Armenia,Soybeans,0.0,0.0,Asia
54,Armenia,Wheat and Wheat Products,130.6,24.91,Asia
55,Australia,Beef,33.86,1044.85,Oceania
56,Australia,Eggs,8.51,7.819999999999999,Oceania
57,Australia,Fish,17.69,28.25,Oceania
58,Australia,Lamb & Goat,9.87,345.65000000000003,Oceania
59,Australia,Milk - inc. cheese,234.49,334.01,Oceania
60,Australia,Nuts inc. Peanut Butter,8.729999999999999,15.45,Oceania
61,Australia,Pork,24.14,85.44000000000001,Oceania
62,Australia,Poultry,46.120000000000005,49.54,Oceania
63,Australia,Rice,11.03,14.12,Oceania
64,Australia,Soybeans,0.19,0.09,Oceania
65,Australia,Wheat and Wheat Products,70.46000000000001,13.44,Oceania
66,Austria,Beef,17.14,528.9,Europe
67,Austria,Eggs,14.68,13.49,Europe
68,Austria,Fish,12.16,19.42,Europe
69,Austria,Lamb & Goat,1.16,40.620000000000005,Europe
70,Austria,Milk - inc. cheese,258.09,367.62,Europe
71,Austria,Nuts inc. Peanut Butter,7.88,13.95,Europe
72,Austria,Pork,52.56,186.04,Europe
73,Austria,Poultry,18.610000000000003,19.99,Europe
74,Austria,Rice,3.7,4.73,Europe
75,Austria,Soybeans,2.06,0.93,Europe
76,Austria,Wheat and Wheat Products,81.1,15.47,Europe
77,Bahamas,Beef,19.92,614.69,North America
78,Bahamas,Eggs,6.2,5.7,North America
79,Bahamas,Fish,18.8,30.02,North America
80,Bahamas,Lamb & Goat,5.22,182.8,North America
81,Bahamas,Milk - inc. cheese,104.76,149.22,North America
82,Bahamas,Nuts inc. Peanut Butter,4.03,7.13,North America
83,Bahamas,Pork,32.74,115.88,North America
84,Bahamas,Poultry,45.74,49.13,North America
85,Bahamas,Rice,23.97,30.67,North America
86,Bahamas,Soybeans,0.09,0.04,North America
87,Bahamas,Wheat and Wheat Products,39.98,7.619999999999999,North America
88,Bangladesh,Beef,1.28,39.5,Asia
89,Bangladesh,Eggs,2.08,1.91,Asia
90,Bangladesh,Fish,18.07,28.85,Asia
91,Bangladesh,Lamb & Goat,1.33,46.58,Asia
92,Bangladesh,Milk - inc. cheese,21.91,31.21,Asia
93,Bangladesh,Nuts inc. Peanut Butter,0.72,1.27,Asia
94,Bangladesh,Pork,0.0,0.0,Asia
95,Bangladesh,Poultry,1.4,1.5,Asia
96,Bangladesh,Rice,171.73,219.76,Asia
97,Bangladesh,Soybeans,0.61,0.27,Asia
98,Bangladesh,Wheat and Wheat Products,17.47,3.33,Asia
99,Barbados,Beef,13.13,405.16,North America
100,Barbados,Eggs,9.61,8.83,North America
101,Barbados,Fish,37.41,59.73,North America
102,Barbados,Lamb & Goat,4.08,142.88000000000002,North America
103,Barbados,Milk - inc. cheese,110.48,157.37,North America
104,Barbados,Nuts inc. Peanut Butter,4.159999999999999,7.359999999999999,North America
105,Barbados,Pork,8.3,29.38,North America
106,Barbados,Poultry,42.620000000000005,45.78,North America
107,Barbados,Rice,15.66,20.04,North America
108,Barbados,Soybeans,0.1,0.05,North America
109,Barbados,Wheat and Wheat Products,65.71000000000001,12.53,North America
110,Belarus,Beef,17.110000000000003,527.98,Europe
111,Belarus,Eggs,15.86,14.57,Europe
112,Belarus,Fish,15.75,25.15,Europe
113,Belarus,Lamb & Goat,0.11,3.85,Europe
114,Belarus,Milk - inc. cheese,133.73,190.49,Europe
115,Belarus,Nuts inc. Peanut Butter,3.36,5.95,Europe
116,Belarus,Pork,40.37,142.89,Europe
117,Belarus,Poultry,31.29,33.61,Europe
118,Belarus,Rice,3.17,4.06,Europe
119,Belarus,Soybeans,0.3,0.14,Europe
120,Belarus,Wheat and Wheat Products,60.48,11.53,Europe
121,Belgium,Beef,15.63,482.31,Europe
122,Belgium,Eggs,12.59,11.57,Europe
123,Belgium,Fish,18.97,30.29,Europe
124,Belgium,Lamb & Goat,1.32,46.23,Europe
125,Belgium,Milk - inc. cheese,236.19,336.42999999999995,Europe
126,Belgium,Nuts inc. Peanut Butter,7.319999999999999,12.96,Europe
127,Belgium,Pork,38.65,136.8,Europe
128,Belgium,Poultry,12.2,13.11,Europe
129,Belgium,Rice,8.61,11.02,Europe
130,Belgium,Soybeans,0.07,0.03,Europe
131,Belgium,Wheat and Wheat Products,111.91,21.34,Europe
132,Belize,Beef,4.859999999999999,149.97,North America
133,Belize,Eggs,4.85,4.46,North America
134,Belize,Fish,7.57,12.09,North America
135,Belize,Lamb & Goat,0.14,4.9,North America
136,Belize,Milk - inc. cheese,80.3,114.38,North America
137,Belize,Nuts inc. Peanut Butter,5.58,9.88,North America
138,Belize,Pork,16.8,59.46,North America
139,Belize,Poultry,28.31,30.41,North America
140,Belize,Rice,28.42,36.37,North America
141,Belize,Soybeans,1.88,0.8500000000000001,North America
142,Belize,Wheat and Wheat Products,54.06,10.31,North America
143,Bermuda,Beef,33.15,1022.94,North America
144,Bermuda,Eggs,14.92,13.71,North America
145,Bermuda,Fish,33.220000000000006,53.04,North America
146,Bermuda,Lamb & Goat,2.71,94.9,North America
147,Bermuda,Milk - inc. cheese,95.56,136.12,North America
148,Bermuda,Nuts inc. Peanut Butter,5.72,10.12,North America
149,Bermuda,Pork,28.24,99.96,North America
150,Bermuda,Poultry,32.620000000000005,35.04,North America
151,Bermuda,Rice,5.38,6.88,North America
152,Bermuda,Soybeans,0.22,0.1,North America
153,Bermuda,Wheat and Wheat Products,54.88,10.47,North America
154,Bolivia,Beef,19.78,610.37,South America
155,Bolivia,Eggs,5.18,4.76,South America
156,Bolivia,Fish,2.18,3.48,South America
157,Bolivia,Lamb & Goat,1.72,60.23,South America
158,Bolivia,Milk - inc. cheese,46.04,65.58,South America
159,Bolivia,Nuts inc. Peanut Butter,9.16,16.21,South America
160,Bolivia,Pork,8.89,31.47,South America
161,Bolivia,Poultry,34.309999999999995,36.86,South America
162,Bolivia,Rice,26.99,34.54,South America
163,Bolivia,Soybeans,0.01,0.0,South America
164,Bolivia,Wheat and Wheat Products,49.99,9.53,South America
165,Bosnia and Herzegovina,Beef,9.12,281.42,Europe
166,Bosnia and Herzegovina,Eggs,4.49,4.119999999999999,Europe
167,Bosnia and Herzegovina,Fish,4.06,6.48,Europe
168,Bosnia and Herzegovina,Lamb & Goat,0.47,16.459999999999997,Europe
169,Bosnia and Herzegovina,Milk - inc. cheese,174.03,247.89,Europe
170,Bosnia and Herzegovina,Nuts inc. Peanut Butter,2.0,3.54,Europe
171,Bosnia and Herzegovina,Pork,9.38,33.2,Europe
172,Bosnia and Herzegovina,Poultry,13.17,14.15,Europe
173,Bosnia and Herzegovina,Rice,1.88,2.41,Europe
174,Bosnia and Herzegovina,Soybeans,1.48,0.6699999999999999,Europe
175,Bosnia and Herzegovina,Wheat and Wheat Products,93.56,17.84,Europe
176,Botswana,Beef,7.85,242.23,Africa
177,Botswana,Eggs,1.95,1.79,Africa
178,Botswana,Fish,3.98,6.35,Africa
179,Botswana,Lamb & Goat,3.76,131.67,Africa
180,Botswana,Milk - inc. cheese,117.74,167.70999999999998,Africa
181,Botswana,Nuts inc. Peanut Butter,1.08,1.91,Africa
182,Botswana,Pork,0.74,2.62,Africa
183,Botswana,Poultry,5.33,5.73,Africa
184,Botswana,Rice,7.06,9.03,Africa
185,Botswana,Soybeans,1.16,0.52,Africa
186,Botswana,Wheat and Wheat Products,38.2,7.28,Africa
187,Brazil,Beef,39.25,1211.1699999999998,South America
188,Brazil,Eggs,8.98,8.25,South America
189,Brazil,Fish,10.01,15.98,South America
190,Brazil,Lamb & Goat,0.62,21.71,South America
191,Brazil,Milk - inc. cheese,149.28,212.63,South America
192,Brazil,Nuts inc. Peanut Butter,0.6699999999999999,1.1900000000000002,South America
193,Brazil,Pork,12.6,44.6,South America
194,Brazil,Poultry,45.0,48.34,South America
195,Brazil,Rice,32.13,41.120000000000005,South America
196,Brazil,Soybeans,3.62,1.63,South America
197,Brazil,Wheat and Wheat Products,53.0,10.11,South America
198,Bulgaria,Beef,3.84,118.49,Europe
199,Bulgaria,Eggs,8.360000000000001,7.68,Europe
200,Bulgaria,Fish,6.24,9.96,Europe
201,Bulgaria,Lamb & Goat,1.63,57.08,Europe
202,Bulgaria,Milk - inc. cheese,155.70999999999998,221.79,Europe
203,Bulgaria,Nuts inc. Peanut Butter,2.26,4.0,Europe
204,Bulgaria,Pork,26.26,92.95,Europe
205,Bulgaria,Poultry,20.68,22.21,Europe
206,Bulgaria,Rice,2.24,2.87,Europe
207,Bulgaria,Soybeans,0.04,0.02,Europe
208,Bulgaria,Wheat and Wheat Products,121.17,23.110000000000003,Europe
209,Cambodia,Beef,4.85,149.66,Asia
210,Cambodia,Eggs,1.37,1.26,Asia
211,Cambodia,Fish,39.59,63.21,Asia
212,Cambodia,Lamb & Goat,0.0,0.0,Asia
213,Cambodia,Milk - inc. cheese,3.47,4.94,Asia
214,Cambodia,Nuts inc. Peanut Butter,1.25,2.21,Asia
215,Cambodia,Pork,6.52,23.08,Asia
216,Cambodia,Poultry,1.84,1.98,Asia
217,Cambodia,Rice,159.1,203.6,Asia
218,Cambodia,Soybeans,4.33,1.95,Asia
219,Cambodia,Wheat and Wheat Products,2.74,0.52,Asia
220,Cameroon,Beef,4.17,128.68,Africa
221,Cameroon,Eggs,0.4,0.37,Africa
222,Cameroon,Fish,14.71,23.49,Africa
223,Cameroon,Lamb & Goat,1.4,49.03,Africa
224,Cameroon,Milk - inc. cheese,15.27,21.75,Africa
225,Cameroon,Nuts inc. Peanut Butter,9.29,16.439999999999998,Africa
226,Cameroon,Pork,1.47,5.2,Africa
227,Cameroon,Poultry,3.29,3.53,Africa
228,Cameroon,Rice,23.85,30.52,Africa
229,Cameroon,Soybeans,0.64,0.29,Africa
230,Cameroon,Wheat and Wheat Products,22.6,4.31,Africa
231,Canada,Beef,30.25,933.45,North America
232,Canada,Eggs,12.95,11.9,North America
233,Canada,Fish,14.56,23.25,North America
234,Canada,Lamb & Goat,0.97,33.97,North America
235,Canada,Milk - inc. cheese,187.77,267.46,North America
236,Canada,Nuts inc. Peanut Butter,8.01,14.18,North America
237,Canada,Pork,22.81,80.74000000000001,North America
238,Canada,Poultry,36.68,39.4,North America
239,Canada,Rice,12.65,16.19,North America
240,Canada,Soybeans,0.94,0.42,North America
241,Canada,Wheat and Wheat Products,84.96000000000001,16.2,North America
242,Chile,Beef,23.86,736.2700000000001,South America
243,Chile,Eggs,9.97,9.16,South America
244,Chile,Fish,7.649999999999999,12.21,South America
245,Chile,Lamb & Goat,0.42,14.71,South America
246,Chile,Milk - inc. cheese,116.11,165.39,South America
247,Chile,Nuts inc. Peanut Butter,2.22,3.93,South America
248,Chile,Pork,24.68,87.35,South America
249,Chile,Poultry,36.52,39.23,South America
250,Chile,Rice,8.850000000000001,11.33,South America
251,Chile,Soybeans,0.04,0.02,South America
252,Chile,Wheat and Wheat Products,104.74,19.97,South America
253,China,Beef,5.119999999999999,157.99,Asia
254,China,Eggs,18.76,17.23,Asia
255,China,Fish,21.01,33.55,Asia
256,China,Lamb & Goat,3.13,109.61,Asia
257,China,Milk - inc. cheese,32.660000000000004,46.52,Asia
258,China,Nuts inc. Peanut Butter,6.39,11.31,Asia
259,China,Pork,38.43,136.02,Asia
260,China,Poultry,13.2,14.18,Asia
261,China,Rice,78.17999999999999,100.05,Asia
262,China,Soybeans,3.66,1.65,Asia
263,China,Wheat and Wheat Products,63.36,12.08,Asia
264,Colombia,Beef,16.36,504.84,South America
265,Colombia,Eggs,10.78,9.9,South America
266,Colombia,Fish,6.01,9.6,South America
267,Colombia,Lamb & Goat,0.21,7.35,South America
268,Colombia,Milk - inc. cheese,108.47,154.5,South America
269,Colombia,Nuts inc. Peanut Butter,0.42,0.74,South America
270,Colombia,Pork,6.51,23.04,South America
271,Colombia,Poultry,27.57,29.62,South America
272,Colombia,Rice,28.02,35.86,South America
273,Colombia,Soybeans,0.89,0.4,South America
274,Colombia,Wheat and Wheat Products,29.79,5.68,South America
275,Congo,Beef,4.35,134.23,Africa
276,Congo,Eggs,0.6,0.55,Africa
277,Congo,Fish,26.22,41.86,Africa
278,Congo,Lamb & Goat,0.4,14.01,Africa
279,Congo,Milk - inc. cheese,10.69,15.23,Africa
280,Congo,Nuts inc. Peanut Butter,3.08,5.45,Africa
281,Congo,Pork,2.39,8.46,Africa
282,Congo,Poultry,13.02,13.99,Africa
283,Congo,Rice,16.51,21.130000000000003,Africa
284,Congo,Soybeans,0.0,0.0,Africa
285,Congo,Wheat and Wheat Products,40.07,7.64,Africa
286,Costa Rica,Beef,15.23,469.97,North America
287,Costa Rica,Eggs,10.55,9.69,North America
288,Costa Rica,Fish,11.32,18.07,North America
289,Costa Rica,Lamb & Goat,0.02,0.7,North America
290,Costa Rica,Milk - inc. cheese,183.28,261.06,North America
291,Costa Rica,Nuts inc. Peanut Butter,1.38,2.44,North America
292,Costa Rica,Pork,10.28,36.39,North America
293,Costa Rica,Poultry,24.47,26.29,North America
294,Costa Rica,Rice,45.690000000000005,58.47,North America
295,Costa Rica,Soybeans,1.54,0.69,North America
296,Costa Rica,Wheat and Wheat Products,39.31,7.5,North America
297,Croatia,Beef,12.41,382.95,Europe
298,Croatia,Eggs,8.48,7.79,Europe
299,Croatia,Fish,15.83,25.28,Europe
300,Croatia,Lamb & Goat,1.71,59.88,Europe
301,Croatia,Milk - inc. cheese,231.02,329.06,Europe
302,Croatia,Nuts inc. Peanut Butter,3.88,6.87,Europe
303,Croatia,Pork,42.790000000000006,151.46,Europe
304,Croatia,Poultry,8.52,9.15,Europe
305,Croatia,Rice,2.64,3.38,Europe
306,Croatia,Soybeans,0.0,0.0,Europe
307,Croatia,Wheat and Wheat Products,106.59,20.33,Europe
308,Cuba,Beef,6.39,197.18,North America
309,Cuba,Eggs,9.82,9.02,North America
310,Cuba,Fish,4.76,7.6,North America
311,Cuba,Lamb & Goat,1.24,43.42,North America
312,Cuba,Milk - inc. cheese,99.94,142.35000000000002,North America
313,Cuba,Nuts inc. Peanut Butter,0.23,0.41,North America
314,Cuba,Pork,19.82,70.14999999999999,North America
315,Cuba,Poultry,20.15,21.65,North America
316,Cuba,Rice,67.7,86.64,North America
317,Cuba,Soybeans,6.34,2.85,North America
318,Cuba,Wheat and Wheat Products,54.620000000000005,10.42,North America
319,Cyprus,Beef,5.79,178.67,Asia
320,Cyprus,Eggs,8.98,8.25,Asia
321,Cyprus,Fish,14.86,23.73,Asia
322,Cyprus,Lamb & Goat,5.05,176.85000000000002,Asia
323,Cyprus,Milk - inc. cheese,113.31,161.4,Asia
324,Cyprus,Nuts inc. Peanut Butter,4.6,8.139999999999999,Asia
325,Cyprus,Pork,38.38,135.85000000000002,Asia
326,Cyprus,Poultry,24.45,26.26,Asia
327,Cyprus,Rice,4.94,6.319999999999999,Asia
328,Cyprus,Soybeans,0.04,0.02,Asia
329,Cyprus,Wheat and Wheat Products,83.25,15.88,Asia
330,Czech Republic,Beef,8.15,251.49,Europe
331,Czech Republic,Eggs,11.66,10.71,Europe
332,Czech Republic,Fish,8.25,13.17,Europe
333,Czech Republic,Lamb & Goat,0.3399999999999999,11.91,Europe
334,Czech Republic,Milk - inc. cheese,195.2,278.04,Europe
335,Czech Republic,Nuts inc. Peanut Butter,2.47,4.37,Europe
336,Czech Republic,Pork,41.17,145.72,Europe
337,Czech Republic,Poultry,19.09,20.51,Europe
338,Czech Republic,Rice,4.79,6.13,Europe
339,Czech Republic,Soybeans,0.8200000000000001,0.37,Europe
340,Czech Republic,Wheat and Wheat Products,92.67,17.67,Europe
341,Denmark,Beef,28.46,878.22,Europe
342,Denmark,Eggs,15.35,14.1,Europe
343,Denmark,Fish,16.49,26.33,Europe
344,Denmark,Lamb & Goat,0.92,32.220000000000006,Europe
345,Denmark,Milk - inc. cheese,277.3,394.99,Europe
346,Denmark,Nuts inc. Peanut Butter,5.94,10.51,Europe
347,Denmark,Pork,24.87,88.03,Europe
348,Denmark,Poultry,26.75,28.73,Europe
349,Denmark,Rice,4.96,6.35,Europe
350,Denmark,Soybeans,0.03,0.01,Europe
351,Denmark,Wheat and Wheat Products,98.0,18.69,Europe
352,Ecuador,Beef,16.610000000000003,512.55,South America
353,Ecuador,Eggs,8.01,7.359999999999999,South America
354,Ecuador,Fish,5.17,8.25,South America
355,Ecuador,Lamb & Goat,0.44,15.41,South America
356,Ecuador,Milk - inc. cheese,139.6,198.85,South America
357,Ecuador,Nuts inc. Peanut Butter,0.98,1.73,South America
358,Ecuador,Pork,14.44,51.11,South America
359,Ecuador,Poultry,21.85,23.47,South America
360,Ecuador,Rice,45.07,57.68,South America
361,Ecuador,Soybeans,0.0,0.0,South America
362,Ecuador,Wheat and Wheat Products,39.190000000000005,7.470000000000001,South America
363,Egypt,Beef,12.88,397.45,Africa
364,Egypt,Eggs,4.59,4.22,Africa
365,Egypt,Fish,21.46,34.260000000000005,Africa
366,Egypt,Lamb & Goat,1.58,55.33,Africa
367,Egypt,Milk - inc. cheese,59.46,84.69,Africa
368,Egypt,Nuts inc. Peanut Butter,1.82,3.22,Africa
369,Egypt,Pork,0.02,0.07,Africa
370,Egypt,Poultry,14.43,15.5,Africa
371,Egypt,Rice,39.77,50.89,Africa
372,Egypt,Soybeans,0.64,0.29,Africa
373,Egypt,Wheat and Wheat Products,146.83,28.0,Africa
374,El Salvador,Beef,5.95,183.6,North America
375,El Salvador,Eggs,9.51,8.739999999999998,North America
376,El Salvador,Fish,6.25,9.98,North America
377,El Salvador,Lamb & Goat,0.02,0.7,North America
378,El Salvador,Milk - inc. cheese,124.34,177.11,North America
379,El Salvador,Nuts inc. Peanut Butter,1.1,1.95,North America
380,El Salvador,Pork,3.23,11.43,North America
381,El Salvador,Poultry,19.84,21.31,North America
382,El Salvador,Rice,10.53,13.48,North America
383,El Salvador,Soybeans,0.8,0.36,North America
384,El Salvador,Wheat and Wheat Products,28.19,5.38,North America
385,Estonia,Beef,7.19,221.87,Europe
386,Estonia,Eggs,12.66,11.63,Europe
387,Estonia,Fish,12.78,20.41,Europe
388,Estonia,Lamb & Goat,0.44,15.41,Europe
389,Estonia,Milk - inc. cheese,284.85,405.74,Europe
390,Estonia,Nuts inc. Peanut Butter,4.29,7.59,Europe
391,Estonia,Pork,29.68,105.05,Europe
392,Estonia,Poultry,21.110000000000003,22.68,Europe
393,Estonia,Rice,2.56,3.28,Europe
394,Estonia,Soybeans,0.04,0.02,Europe
395,Estonia,Wheat and Wheat Products,89.36,17.04,Europe
396,Ethiopia,Beef,3.61,111.4,Africa
397,Ethiopia,Eggs,0.36,0.3299999999999999,Africa
398,Ethiopia,Fish,0.24,0.38,Africa
399,Ethiopia,Lamb & Goat,1.57,54.98,Africa
400,Ethiopia,Milk - inc. cheese,44.14,62.87,Africa
401,Ethiopia,Nuts inc. Peanut Butter,1.21,2.14,Africa
402,Ethiopia,Pork,0.02,0.07,Africa
403,Ethiopia,Poultry,0.6599999999999999,0.71,Africa
404,Ethiopia,Rice,2.25,2.88,Africa
405,Ethiopia,Soybeans,0.45,0.2,Africa
406,Ethiopia,Wheat and Wheat Products,31.26,5.96,Africa
407,Fiji,Beef,8.96,276.48999999999995,Oceania
408,Fiji,Eggs,6.44,5.92,Oceania
409,Fiji,Fish,35.01,55.9,Oceania
410,Fiji,Lamb & Goat,5.9,206.62,Oceania
411,Fiji,Milk - inc. cheese,40.2,57.260000000000005,Oceania
412,Fiji,Nuts inc. Peanut Butter,1.3,2.3,Oceania
413,Fiji,Pork,4.31,15.26,Oceania
414,Fiji,Poultry,20.26,21.76,Oceania
415,Fiji,Rice,45.620000000000005,58.38,Oceania
416,Fiji,Soybeans,0.3,0.14,Oceania
417,Fiji,Wheat and Wheat Products,84.22,16.06,Oceania
418,Finland,Beef,19.22,593.09,Europe
419,Finland,Eggs,9.55,8.77,Europe
420,Finland,Fish,33.8,53.97,Europe
421,Finland,Lamb & Goat,0.53,18.56,Europe
422,Finland,Milk - inc. cheese,430.76,613.57,Europe
423,Finland,Nuts inc. Peanut Butter,3.43,6.07,Europe
424,Finland,Pork,36.14,127.92,Europe
425,Finland,Poultry,19.87,21.34,Europe
426,Finland,Rice,4.42,5.659999999999999,Europe
427,Finland,Soybeans,0.08,0.04,Europe
428,Finland,Wheat and Wheat Products,81.99000000000001,15.64,Europe
429,France,Beef,23.81,734.73,Europe
430,France,Eggs,13.13,12.06,Europe
431,France,Fish,22.91,36.58,Europe
432,France,Lamb & Goat,3.28,114.87,Europe
433,France,Milk - inc. cheese,241.31,343.72,Europe
434,France,Nuts inc. Peanut Butter,5.39,9.54,Europe
435,France,Pork,33.05,116.98,Europe
436,France,Poultry,22.93,24.630000000000003,Europe
437,France,Rice,4.88,6.24,Europe
438,France,Soybeans,0.05,0.02,Europe
439,France,Wheat and Wheat Products,108.43,20.68,Europe
440,French Polynesia,Beef,30.9,953.51,Oceania
441,French Polynesia,Eggs,8.75,8.04,Oceania
442,French Polynesia,Fish,38.95,62.190000000000005,Oceania
443,French Polynesia,Lamb & Goat,2.83,99.11,Oceania
444,French Polynesia,Milk - inc. cheese,93.56,133.26999999999998,Oceania
445,French Polynesia,Nuts inc. Peanut Butter,2.34,4.14,Oceania
446,French Polynesia,Pork,14.75,52.21,Oceania
447,French Polynesia,Poultry,49.55,53.23,Oceania
448,French Polynesia,Rice,35.59,45.54,Oceania
449,French Polynesia,Soybeans,0.77,0.35,Oceania
450,French Polynesia,Wheat and Wheat Products,68.66999999999999,13.1,Oceania
451,Gambia,Beef,2.16,66.64999999999999,Africa
452,Gambia,Eggs,0.99,0.91,Africa
453,Gambia,Fish,23.130000000000003,36.93,Africa
454,Gambia,Lamb & Goat,0.71,24.86,Africa
455,Gambia,Milk - inc. cheese,45.71,65.11,Africa
456,Gambia,Nuts inc. Peanut Butter,5.2700000000000005,9.33,Africa
457,Gambia,Pork,0.18,0.64,Africa
458,Gambia,Poultry,2.66,2.86,Africa
459,Gambia,Rice,61.84,79.14,Africa
460,Gambia,Soybeans,0.0,0.0,Africa
461,Gambia,Wheat and Wheat Products,37.91,7.23,Africa
462,Georgia,Beef,6.04,186.38,Asia
463,Georgia,Eggs,6.119999999999999,5.619999999999999,Asia
464,Georgia,Fish,10.42,16.64,Asia
465,Georgia,Lamb & Goat,0.63,22.06,Asia
466,Georgia,Milk - inc. cheese,149.26,212.61,Asia
467,Georgia,Nuts inc. Peanut Butter,2.47,4.37,Asia
468,Georgia,Pork,8.93,31.610000000000003,Asia
469,Georgia,Poultry,12.28,13.19,Asia
470,Georgia,Rice,2.64,3.38,Asia
471,Georgia,Soybeans,0.0,0.0,Asia
472,Georgia,Wheat and Wheat Products,163.43,31.17,Asia
473,Germany,Beef,13.16,406.09,Europe
474,Germany,Eggs,12.2,11.21,Europe
475,Germany,Fish,11.16,17.82,Europe
476,Germany,Lamb & Goat,0.73,25.56,Europe
477,Germany,Milk - inc. cheese,258.7,368.49,Europe
478,Germany,Nuts inc. Peanut Butter,7.96,14.09,Europe
479,Germany,Pork,51.81,183.38,Europe
480,Germany,Poultry,17.75,19.07,Europe
481,Germany,Rice,3.34,4.2700000000000005,Europe
482,Germany,Soybeans,0.88,0.4,Europe
483,Germany,Wheat and Wheat Products,83.41000000000001,15.91,Europe
484,Ghana,Beef,1.09,33.64,Africa
485,Ghana,Eggs,1.21,1.11,Africa
486,Ghana,Fish,26.05,41.59,Africa
487,Ghana,Lamb & Goat,1.74,60.93,Africa
488,Ghana,Milk - inc. cheese,9.08,12.93,Africa
489,Ghana,Nuts inc. Peanut Butter,5.56,9.84,Africa
490,Ghana,Pork,1.36,4.81,Africa
491,Ghana,Poultry,8.629999999999999,9.27,Africa
492,Ghana,Rice,32.03,40.99,Africa
493,Ghana,Soybeans,0.01,0.0,Africa
494,Ghana,Wheat and Wheat Products,14.45,2.76,Africa
495,Greece,Beef,16.1,496.81,Europe
496,Greece,Eggs,10.13,9.31,Europe
497,Greece,Fish,14.42,23.02,Europe
498,Greece,Lamb & Goat,12.47,436.7,Europe
499,Greece,Milk - inc. cheese,255.26,363.59,Europe
500,Greece,Nuts inc. Peanut Butter,10.5,18.59,Europe
501,Greece,Pork,28.31,100.2,Europe
502,Greece,Poultry,15.739999999999998,16.91,Europe
503,Greece,Rice,6.64,8.5,Europe
504,Greece,Soybeans,0.02,0.01,Europe
505,Greece,Wheat and Wheat Products,124.04,23.65,Europe
506,Grenada,Beef,3.46,106.77,North America
507,Grenada,Eggs,10.34,9.5,North America
508,Grenada,Fish,27.95,44.63,North America
509,Grenada,Lamb & Goat,1.25,43.77,North America
510,Grenada,Milk - inc. cheese,86.88,123.75,North America
511,Grenada,Nuts inc. Peanut Butter,0.18,0.32,North America
512,Grenada,Pork,11.52,40.78,North America
513,Grenada,Poultry,43.51,46.74,North America
514,Grenada,Rice,9.56,12.23,North America
515,Grenada,Soybeans,0.01,0.0,North America
516,Grenada,Wheat and Wheat Products,59.59,11.36,North America
517,Guatemala,Beef,5.6,172.8,North America
518,Guatemala,Eggs,14.61,13.42,North America
519,Guatemala,Fish,1.08,1.72,North America
520,Guatemala,Lamb & Goat,0.23,8.05,North America
521,Guatemala,Milk - inc. cheese,46.6,66.38,North America
522,Guatemala,Nuts inc. Peanut Butter,2.0,3.54,North America
523,Guatemala,Pork,4.85,17.17,North America
524,Guatemala,Poultry,16.45,17.67,North America
525,Guatemala,Rice,5.659999999999999,7.24,North America
526,Guatemala,Soybeans,0.32,0.14,North America
527,Guatemala,Wheat and Wheat Products,35.9,6.85,North America
528,Guinea,Beef,6.26,193.17,Africa
529,Guinea,Eggs,1.95,1.79,Africa
530,Guinea,Fish,9.18,14.66,Africa
531,Guinea,Lamb & Goat,1.6,56.03,Africa
532,Guinea,Milk - inc. cheese,20.62,29.37,Africa
533,Guinea,Nuts inc. Peanut Butter,4.14,7.33,Africa
534,Guinea,Pork,0.16,0.5700000000000001,Africa
535,Guinea,Poultry,1.83,1.97,Africa
536,Guinea,Rice,97.12,124.28,Africa
537,Guinea,Soybeans,0.0,0.0,Africa
538,Guinea,Wheat and Wheat Products,18.55,3.54,Africa
539,Honduras,Beef,7.19,221.87,North America
540,Honduras,Eggs,5.19,4.7700000000000005,North America
541,Honduras,Fish,2.7,4.31,North America
542,Honduras,Lamb & Goat,0.04,1.4,North America
543,Honduras,Milk - inc. cheese,91.33,130.09,North America
544,Honduras,Nuts inc. Peanut Butter,0.75,1.33,North America
545,Honduras,Pork,6.48,22.94,North America
546,Honduras,Poultry,20.29,21.8,North America
547,Honduras,Rice,14.42,18.45,North America
548,Honduras,Soybeans,0.01,0.0,North America
549,Honduras,Wheat and Wheat Products,37.36,7.119999999999999,North America
550,Hong Kong SAR. China,Beef,25.82,796.75,others
551,Hong Kong SAR. China,Eggs,14.5,13.32,others
552,Hong Kong SAR. China,Fish,42.44,67.76,others
553,Hong Kong SAR. China,Lamb & Goat,2.22,77.74000000000001,others
554,Hong Kong SAR. China,Milk - inc. cheese,105.85,150.76999999999998,others
555,Hong Kong SAR. China,Nuts inc. Peanut Butter,13.81,24.44,others
556,Hong Kong SAR. China,Pork,67.11,237.54,others
557,Hong Kong SAR. China,Poultry,54.86,58.93,others
558,Hong Kong SAR. China,Rice,43.48,55.64,others
559,Hong Kong SAR. China,Soybeans,2.79,1.26,others
560,Hong Kong SAR. China,Wheat and Wheat Products,53.14,10.13,others
561,Hungary,Beef,4.96,153.06,Europe
562,Hungary,Eggs,12.45,11.44,Europe
563,Hungary,Fish,4.930000000000001,7.87,Europe
564,Hungary,Lamb & Goat,0.11,3.85,Europe
565,Hungary,Milk - inc. cheese,159.05,226.55,Europe
566,Hungary,Nuts inc. Peanut Butter,0.64,1.13,Europe
567,Hungary,Pork,34.93,123.63,Europe
568,Hungary,Poultry,23.78,25.54,Europe
569,Hungary,Rice,2.15,2.75,Europe
570,Hungary,Soybeans,0.01,0.0,Europe
571,Hungary,Wheat and Wheat Products,109.98,20.97,Europe
572,Iceland,Beef,13.36,412.26,Europe
573,Iceland,Eggs,8.239999999999998,7.57,Europe
574,Iceland,Fish,74.41000000000001,118.81,Europe
575,Iceland,Lamb & Goat,21.12,739.62,Europe
576,Iceland,Milk - inc. cheese,225.82,321.66,Europe
577,Iceland,Nuts inc. Peanut Butter,3.88,6.87,Europe
578,Iceland,Pork,21.69,76.77,Europe
579,Iceland,Poultry,26.87,28.86,Europe
580,Iceland,Rice,3.89,4.98,Europe
581,Iceland,Soybeans,0.11,0.05,Europe
582,Iceland,Wheat and Wheat Products,72.92,13.91,Europe
583,India,Beef,0.81,24.99,Asia
584,India,Eggs,2.58,2.37,Asia
585,India,Fish,4.71,7.52,Asia
586,India,Lamb & Goat,0.58,20.31,Asia
587,India,Milk - inc. cheese,84.5,120.36,Asia
588,India,Nuts inc. Peanut Butter,1.92,3.4,Asia
589,India,Pork,0.28,0.99,Asia
590,India,Poultry,1.88,2.02,Asia
591,India,Rice,69.49000000000001,88.93,Asia
592,India,Soybeans,0.39,0.18,Asia
593,India,Wheat and Wheat Products,60.56,11.55,Asia
594,Indonesia,Beef,2.59,79.92,Asia
595,Indonesia,Eggs,4.88,4.48,Asia
596,Indonesia,Fish,25.65,40.95,Asia
597,Indonesia,Lamb & Goat,0.46,16.110000000000003,Asia
598,Indonesia,Milk - inc. cheese,14.82,21.110000000000003,Asia
599,Indonesia,Nuts inc. Peanut Butter,4.92,8.709999999999999,Asia
600,Indonesia,Pork,2.98,10.55,Asia
601,Indonesia,Poultry,7.5,8.06,Asia
602,Indonesia,Rice,134.62,172.26999999999998,Asia
603,Indonesia,Soybeans,1.12,0.5,Asia
604,Indonesia,Wheat and Wheat Products,25.45,4.85,Asia
605,Iran,Beef,3.58,110.47,Asia
606,Iran,Eggs,7.7,7.07,Asia
607,Iran,Fish,9.8,15.65,Asia
608,Iran,Lamb & Goat,3.69,129.22,Asia
609,Iran,Milk - inc. cheese,46.690000000000005,66.51,Asia
610,Iran,Nuts inc. Peanut Butter,12.16,21.52,Asia
611,Iran,Pork,0.0,0.0,Asia
612,Iran,Poultry,25.38,27.26,Asia
613,Iran,Rice,29.95,38.33,Asia
614,Iran,Soybeans,0.0,0.0,Asia
615,Iran,Wheat and Wheat Products,153.31,29.24,Asia
616,Ireland,Beef,22.35,689.6700000000001,Europe
617,Ireland,Eggs,8.96,8.229999999999999,Europe
618,Ireland,Fish,17.39,27.77,Europe
619,Ireland,Lamb & Goat,4.1,143.58,Europe
620,Ireland,Milk - inc. cheese,291.86,415.73,Europe
621,Ireland,Nuts inc. Peanut Butter,4.1,7.26,Europe
622,Ireland,Pork,32.4,114.68,Europe
623,Ireland,Poultry,26.26,28.21,Europe
624,Ireland,Rice,3.0,3.84,Europe
625,Ireland,Soybeans,0.25,0.11,Europe
626,Ireland,Wheat and Wheat Products,107.98,20.59,Europe
627,Israel,Beef,28.78,888.09,Asia
628,Israel,Eggs,11.35,10.43,Asia
629,Israel,Fish,22.18,35.41,Asia
630,Israel,Lamb & Goat,1.87,65.49000000000001,Asia
631,Israel,Milk - inc. cheese,193.6,275.76,Asia
632,Israel,Nuts inc. Peanut Butter,7.71,13.65,Asia
633,Israel,Pork,1.99,7.04,Asia
634,Israel,Poultry,62.5,67.14,Asia
635,Israel,Rice,16.810000000000002,21.51,Asia
636,Israel,Soybeans,0.1,0.05,Asia
637,Israel,Wheat and Wheat Products,110.86,21.14,Asia
638,Italy,Beef,18.6,573.9599999999999,Europe
639,Italy,Eggs,13.34,12.25,Europe
640,Italy,Fish,15.6,24.91,Europe
641,Italy,Lamb & Goat,0.92,32.220000000000006,Europe
642,Italy,Milk - inc. cheese,246.88,351.66,Europe
643,Italy,Nuts inc. Peanut Butter,7.63,13.51,Europe
644,Italy,Pork,40.28,142.57,Europe
645,Italy,Poultry,18.610000000000003,19.99,Europe
646,Italy,Rice,5.74,7.35,Europe
647,Italy,Soybeans,0.01,0.0,Europe
648,Italy,Wheat and Wheat Products,146.37,27.91,Europe
649,Jamaica,Beef,3.97,122.51,North America
650,Jamaica,Eggs,2.27,2.09,North America
651,Jamaica,Fish,21.95,35.05,North America
652,Jamaica,Lamb & Goat,1.26,44.13,North America
653,Jamaica,Milk - inc. cheese,91.13,129.81,North America
654,Jamaica,Nuts inc. Peanut Butter,1.82,3.22,North America
655,Jamaica,Pork,3.99,14.12,North America
656,Jamaica,Poultry,52.51,56.41,North America
657,Jamaica,Rice,23.45,30.01,North America
658,Jamaica,Soybeans,0.0,0.0,North America
659,Jamaica,Wheat and Wheat Products,70.66999999999999,13.48,North America
660,Japan,Beef,9.15,282.35,Asia
661,Japan,Eggs,19.15,17.59,Asia
662,Japan,Fish,31.1,49.66,Asia
663,Japan,Lamb & Goat,0.14,4.9,Asia
664,Japan,Milk - inc. cheese,72.06,102.64,Asia
665,Japan,Nuts inc. Peanut Butter,2.59,4.58,Asia
666,Japan,Pork,20.62,72.98,Asia
667,Japan,Poultry,19.42,20.86,Asia
668,Japan,Rice,59.85,76.59,Asia
669,Japan,Soybeans,7.34,3.3,Asia
670,Japan,Wheat and Wheat Products,45.04,8.59,Asia
671,Jordan,Beef,5.609999999999999,173.11,Asia
672,Jordan,Eggs,3.92,3.6,Asia
673,Jordan,Fish,5.13,8.19,Asia
674,Jordan,Lamb & Goat,5.68,198.91,Asia
675,Jordan,Milk - inc. cheese,77.67999999999999,110.65,Asia
676,Jordan,Nuts inc. Peanut Butter,3.56,6.3,Asia
677,Jordan,Pork,0.02,0.07,Asia
678,Jordan,Poultry,33.39,35.87,Asia
679,Jordan,Rice,19.67,25.17,Asia
680,Jordan,Soybeans,0.02,0.01,Asia
681,Jordan,Wheat and Wheat Products,136.73999999999998,26.08,Asia
682,Kazakhstan,Beef,23.38,721.4599999999999,Asia
683,Kazakhstan,Eggs,8.29,7.619999999999999,Asia
684,Kazakhstan,Fish,5.21,8.32,Asia
685,Kazakhstan,Lamb & Goat,9.56,334.79,Asia
686,Kazakhstan,Milk - inc. cheese,288.12,410.4,Asia
687,Kazakhstan,Nuts inc. Peanut Butter,5.14,9.1,Asia
688,Kazakhstan,Pork,10.36,36.67,Asia
689,Kazakhstan,Poultry,18.38,19.74,Asia
690,Kazakhstan,Rice,7.319999999999999,9.37,Asia
691,Kazakhstan,Soybeans,0.03,0.01,Asia
692,Kazakhstan,Wheat and Wheat Products,92.31,17.6,Asia
693,Kenya,Beef,9.54,294.38,Africa
694,Kenya,Eggs,1.84,1.6900000000000002,Africa
695,Kenya,Fish,4.2700000000000005,6.819999999999999,Africa
696,Kenya,Lamb & Goat,1.86,65.14,Africa
697,Kenya,Milk - inc. cheese,94.86,135.12,Africa
698,Kenya,Nuts inc. Peanut Butter,1.64,2.9,Africa
699,Kenya,Pork,0.29,1.03,Africa
700,Kenya,Poultry,0.47,0.5,Africa
701,Kenya,Rice,12.94,16.56,Africa
702,Kenya,Soybeans,0.2,0.09,Africa
703,Kenya,Wheat and Wheat Products,34.65,6.609999999999999,Africa
704,Kuwait,Beef,13.03,402.08,Asia
705,Kuwait,Eggs,12.6,11.57,Asia
706,Kuwait,Fish,11.99,19.14,Asia
707,Kuwait,Lamb & Goat,15.61,546.66,Asia
708,Kuwait,Milk - inc. cheese,157.66,224.57,Asia
709,Kuwait,Nuts inc. Peanut Butter,5.23,9.26,Asia
710,Kuwait,Pork,0.0,0.0,Asia
711,Kuwait,Poultry,53.61,57.59,Asia
712,Kuwait,Rice,43.83,56.09,Asia
713,Kuwait,Soybeans,0.06,0.03,Asia
714,Kuwait,Wheat and Wheat Products,96.76,18.45,Asia
715,Latvia,Beef,5.109999999999999,157.68,Europe
716,Latvia,Eggs,14.03,12.89,Europe
717,Latvia,Fish,21.3,34.01,Europe
718,Latvia,Lamb & Goat,0.3399999999999999,11.91,Europe
719,Latvia,Milk - inc. cheese,174.11,248.0,Europe
720,Latvia,Nuts inc. Peanut Butter,3.78,6.69,Europe
721,Latvia,Pork,34.96,123.74,Europe
722,Latvia,Poultry,20.53,22.05,Europe
723,Latvia,Rice,2.21,2.83,Europe
724,Latvia,Soybeans,0.04,0.02,Europe
725,Latvia,Wheat and Wheat Products,72.13,13.76,Europe
726,Liberia,Beef,0.7799999999999999,24.07,Africa
727,Liberia,Eggs,2.05,1.88,Africa
728,Liberia,Fish,4.13,6.59,Africa
729,Liberia,Lamb & Goat,0.48,16.810000000000002,Africa
730,Liberia,Milk - inc. cheese,3.04,4.33,Africa
731,Liberia,Nuts inc. Peanut Butter,1.31,2.32,Africa
732,Liberia,Pork,4.01,14.19,Africa
733,Liberia,Poultry,8.91,9.57,Africa
734,Liberia,Rice,94.75,121.25,Africa
735,Liberia,Soybeans,0.63,0.28,Africa
736,Liberia,Wheat and Wheat Products,10.95,2.09,Africa
737,Lithuania,Beef,4.49,138.55,Europe
738,Lithuania,Eggs,13.11,12.04,Europe
739,Lithuania,Fish,42.39,67.67999999999999,Europe
740,Lithuania,Lamb & Goat,0.24,8.4,Europe
741,Lithuania,Milk - inc. cheese,295.46,420.85,Europe
742,Lithuania,Nuts inc. Peanut Butter,2.13,3.77,Europe
743,Lithuania,Pork,45.67,161.65,Europe
744,Lithuania,Poultry,26.84,28.83,Europe
745,Lithuania,Rice,3.07,3.93,Europe
746,Lithuania,Soybeans,0.02,0.01,Europe
747,Lithuania,Wheat and Wheat Products,121.59,23.19,Europe
748,Luxembourg,Beef,29.88,922.03,Europe
749,Luxembourg,Eggs,14.64,13.45,Europe
750,Luxembourg,Fish,23.09,36.87,Europe
751,Luxembourg,Lamb & Goat,1.6700000000000002,58.48,Europe
752,Luxembourg,Milk - inc. cheese,255.3,363.65,Europe
753,Luxembourg,Nuts inc. Peanut Butter,0.93,1.65,Europe
754,Luxembourg,Pork,43.58,154.25,Europe
755,Luxembourg,Poultry,21.37,22.96,Europe
756,Luxembourg,Rice,4.2,5.37,Europe
757,Luxembourg,Soybeans,0.04,0.02,Europe
758,Luxembourg,Wheat and Wheat Products,103.2,19.68,Europe
759,Macedonia,Beef,7.689999999999999,237.3,Europe
760,Macedonia,Eggs,6.38,5.859999999999999,Europe
761,Macedonia,Fish,5.470000000000001,8.729999999999999,Europe
762,Macedonia,Lamb & Goat,0.94,32.92,Europe
763,Macedonia,Milk - inc. cheese,157.93,224.96,Europe
764,Macedonia,Nuts inc. Peanut Butter,5.87,10.39,Europe
765,Macedonia,Pork,10.35,36.63,Europe
766,Macedonia,Poultry,18.77,20.16,Europe
767,Macedonia,Rice,2.81,3.6,Europe
768,Macedonia,Soybeans,0.46,0.21,Europe
769,Macedonia,Wheat and Wheat Products,104.8,19.99,Europe
770,Madagascar,Beef,7.51,231.74,Africa
771,Madagascar,Eggs,0.71,0.65,Africa
772,Madagascar,Fish,4.41,7.04,Africa
773,Madagascar,Lamb & Goat,0.5700000000000001,19.96,Africa
774,Madagascar,Milk - inc. cheese,24.84,35.379999999999995,Africa
775,Madagascar,Nuts inc. Peanut Butter,0.35,0.62,Africa
776,Madagascar,Pork,2.56,9.06,Africa
777,Madagascar,Poultry,3.14,3.37,Africa
778,Madagascar,Rice,102.53,131.20999999999998,Africa
779,Madagascar,Soybeans,0.0,0.0,Africa
780,Madagascar,Wheat and Wheat Products,9.01,1.72,Africa
781,Malawi,Beef,2.35,72.52,Africa
782,Malawi,Eggs,1.08,0.99,Africa
783,Malawi,Fish,7.33,11.7,Africa
784,Malawi,Lamb & Goat,2.07,72.49000000000001,Africa
785,Malawi,Milk - inc. cheese,7.98,11.37,Africa
786,Malawi,Nuts inc. Peanut Butter,5.08,8.99,Africa
787,Malawi,Pork,5.45,19.29,Africa
788,Malawi,Poultry,1.38,1.48,Africa
789,Malawi,Rice,4.75,6.08,Africa
790,Malawi,Soybeans,1.76,0.7899999999999999,Africa
791,Malawi,Wheat and Wheat Products,11.77,2.24,Africa
792,Malaysia,Beef,6.52,201.19,Asia
793,Malaysia,Eggs,16.57,15.22,Asia
794,Malaysia,Fish,49.43,78.92,Asia
795,Malaysia,Lamb & Goat,0.94,32.92,Asia
796,Malaysia,Milk - inc. cheese,25.28,36.01,Asia
797,Malaysia,Nuts inc. Peanut Butter,2.9,5.13,Asia
798,Malaysia,Pork,7.76,27.47,Asia
799,Malaysia,Poultry,41.01,44.05,Asia
800,Malaysia,Rice,81.25,103.98,Asia
801,Malaysia,Soybeans,0.04,0.02,Asia
802,Malaysia,Wheat and Wheat Products,51.04,9.73,Asia
803,Maldives,Beef,9.44,291.3,Asia
804,Maldives,Eggs,10.79,9.91,Asia
805,Maldives,Fish,179.70999999999998,286.94,Asia
806,Maldives,Lamb & Goat,0.7,24.51,Asia
807,Maldives,Milk - inc. cheese,111.47,158.78,Asia
808,Maldives,Nuts inc. Peanut Butter,15.83,28.02,Asia
809,Maldives,Pork,1.22,4.319999999999999,Asia
810,Maldives,Poultry,18.47,19.84,Asia
811,Maldives,Rice,50.73,64.92,Asia
812,Maldives,Soybeans,0.2,0.09,Asia
813,Maldives,Wheat and Wheat Products,77.77,14.83,Asia
814,Malta,Beef,19.22,593.09,Europe
815,Malta,Eggs,11.64,10.69,Europe
816,Malta,Fish,24.58,39.25,Europe
817,Malta,Lamb & Goat,1.1900000000000002,41.67,Europe
818,Malta,Milk - inc. cheese,190.06,270.72,Europe
819,Malta,Nuts inc. Peanut Butter,5.619999999999999,9.95,Europe
820,Malta,Pork,34.24,121.19,Europe
821,Malta,Poultry,26.4,28.36,Europe
822,Malta,Rice,4.96,6.35,Europe
823,Malta,Soybeans,0.05,0.02,Europe
824,Malta,Wheat and Wheat Products,139.58,26.62,Europe
825,Mauritius,Beef,5.99,184.84,Africa
826,Mauritius,Eggs,6.319999999999999,5.81,Africa
827,Mauritius,Fish,19.66,31.39,Africa
828,Mauritius,Lamb & Goat,4.08,142.88000000000002,Africa
829,Mauritius,Milk - inc. cheese,117.27,167.04,Africa
830,Mauritius,Nuts inc. Peanut Butter,2.33,4.119999999999999,Africa
831,Mauritius,Pork,4.08,14.44,Africa
832,Mauritius,Poultry,38.51,41.37,Africa
833,Mauritius,Rice,45.56,58.3,Africa
834,Mauritius,Soybeans,0.3,0.14,Africa
835,Mauritius,Wheat and Wheat Products,114.02,21.74,Africa
836,Mexico,Beef,15.33,473.05,North America
837,Mexico,Eggs,18.34,16.85,North America
838,Mexico,Fish,7.56,12.07,North America
839,Mexico,Lamb & Goat,0.89,31.17,North America
840,Mexico,Milk - inc. cheese,111.87,159.35000000000002,North America
841,Mexico,Nuts inc. Peanut Butter,2.51,4.44,North America
842,Mexico,Pork,15.23,53.91,North America
843,Mexico,Poultry,30.12,32.349999999999994,North America
844,Mexico,Rice,5.64,7.22,North America
845,Mexico,Soybeans,0.02,0.01,North America
846,Mexico,Wheat and Wheat Products,35.21,6.71,North America
847,Morocco,Beef,8.04,248.1,Africa
848,Morocco,Eggs,6.68,6.14,Africa
849,Morocco,Fish,17.439999999999998,27.85,Africa
850,Morocco,Lamb & Goat,4.359999999999999,152.69,Africa
851,Morocco,Milk - inc. cheese,54.68,77.89,Africa
852,Morocco,Nuts inc. Peanut Butter,3.23,5.72,Africa
853,Morocco,Pork,0.01,0.04,Africa
854,Morocco,Poultry,20.77,22.31,Africa
855,Morocco,Rice,1.1,1.41,Africa
856,Morocco,Soybeans,0.0,0.0,Africa
857,Morocco,Wheat and Wheat Products,179.7,34.27,Africa
858,Mozambique,Beef,1.04,32.09,Africa
859,Mozambique,Eggs,1.7,1.56,Africa
860,Mozambique,Fish,7.74,12.36,Africa
861,Mozambique,Lamb & Goat,0.9,31.52,Africa
862,Mozambique,Milk - inc. cheese,4.79,6.819999999999999,Africa
863,Mozambique,Nuts inc. Peanut Butter,2.61,4.619999999999999,Africa
864,Mozambique,Pork,5.13,18.16,Africa
865,Mozambique,Poultry,1.41,1.51,Africa
866,Mozambique,Rice,23.41,29.96,Africa
867,Mozambique,Soybeans,0.03,0.01,Africa
868,Mozambique,Wheat and Wheat Products,14.65,2.79,Africa
869,Myanmar,Beef,4.94,152.44,Asia
870,Myanmar,Eggs,6.45,5.92,Asia
871,Myanmar,Fish,54.260000000000005,86.64,Asia
872,Myanmar,Lamb & Goat,0.89,31.17,Asia
873,Myanmar,Milk - inc. cheese,31.48,44.84,Asia
874,Myanmar,Nuts inc. Peanut Butter,4.5,7.970000000000001,Asia
875,Myanmar,Pork,11.31,40.03,Asia
876,Myanmar,Poultry,21.87,23.49,Asia
877,Myanmar,Rice,132.8,169.94,Asia
878,Myanmar,Soybeans,0.38,0.17,Asia
879,Myanmar,Wheat and Wheat Products,6.22,1.1900000000000002,Asia
880,Namibia,Beef,3.75,115.72,Africa
881,Namibia,Eggs,1.63,1.5,Africa
882,Namibia,Fish,10.7,17.08,Africa
883,Namibia,Lamb & Goat,2.27,79.5,Africa
884,Namibia,Milk - inc. cheese,73.05,104.05,Africa
885,Namibia,Nuts inc. Peanut Butter,0.71,1.26,Africa
886,Namibia,Pork,4.21,14.9,Africa
887,Namibia,Poultry,12.19,13.09,Africa
888,Namibia,Rice,6.31,8.07,Africa
889,Namibia,Soybeans,0.07,0.03,Africa
890,Namibia,Wheat and Wheat Products,36.260000000000005,6.91,Africa
891,Nepal,Beef,7.89,243.47,Asia
892,Nepal,Eggs,1.42,1.3,Asia
893,Nepal,Fish,2.17,3.46,Asia
894,Nepal,Lamb & Goat,2.1,73.54,Asia
895,Nepal,Milk - inc. cheese,52.1,74.21000000000001,Asia
896,Nepal,Nuts inc. Peanut Butter,2.42,4.28,Asia
897,Nepal,Pork,0.6699999999999999,2.37,Asia
898,Nepal,Poultry,1.56,1.6800000000000002,Asia
899,Nepal,Rice,87.75,112.29,Asia
900,Nepal,Soybeans,0.01,0.0,Asia
901,Nepal,Wheat and Wheat Products,50.46,9.62,Asia
902,Netherlands,Beef,17.67,545.26,Europe
903,Netherlands,Eggs,14.03,12.89,Europe
904,Netherlands,Fish,18.64,29.76,Europe
905,Netherlands,Lamb & Goat,0.94,32.92,Europe
906,Netherlands,Milk - inc. cheese,341.47,486.39,Europe
907,Netherlands,Nuts inc. Peanut Butter,7.94,14.05,Europe
908,Netherlands,Pork,36.36,128.7,Europe
909,Netherlands,Poultry,23.9,25.67,Europe
910,Netherlands,Rice,2.93,3.75,Europe
911,Netherlands,Soybeans,0.12,0.05,Europe
912,Netherlands,Wheat and Wheat Products,70.16999999999999,13.38,Europe
913,New Caledonia,Beef,16.07,495.89,Oceania
914,New Caledonia,Eggs,8.850000000000001,8.129999999999999,Oceania
915,New Caledonia,Fish,19.38,30.94,Oceania
916,New Caledonia,Lamb & Goat,1.95,68.29,Oceania
917,New Caledonia,Milk - inc. cheese,108.0,153.84,Oceania
918,New Caledonia,Nuts inc. Peanut Butter,2.96,5.24,Oceania
919,New Caledonia,Pork,19.9,70.44000000000001,Oceania
920,New Caledonia,Poultry,44.36,47.65,Oceania
921,New Caledonia,Rice,17.47,22.36,Oceania
922,New Caledonia,Soybeans,0.55,0.25,Oceania
923,New Caledonia,Wheat and Wheat Products,81.75,15.59,Oceania
924,New Zealand,Beef,22.49,693.99,Oceania
925,New Zealand,Eggs,9.91,9.1,Oceania
926,New Zealand,Fish,20.36,32.51,Oceania
927,New Zealand,Lamb & Goat,18.91,662.23,Oceania
928,New Zealand,Milk - inc. cheese,137.25,195.5,Oceania
929,New Zealand,Nuts inc. Peanut Butter,8.219999999999999,14.55,Oceania
930,New Zealand,Pork,22.29,78.9,Oceania
931,New Zealand,Poultry,34.98,37.58,Oceania
932,New Zealand,Rice,9.16,11.72,Oceania
933,New Zealand,Soybeans,0.44,0.2,Oceania
934,New Zealand,Wheat and Wheat Products,76.91000000000001,14.67,Oceania
935,Nicaragua,Beef,4.73,145.96,North America
936,Nicaragua,Eggs,4.9,4.5,North America
937,Nicaragua,Fish,3.59,5.73,North America
938,Nicaragua,Lamb & Goat,0.01,0.35,North America
939,Nicaragua,Milk - inc. cheese,85.16,121.3,North America
940,Nicaragua,Nuts inc. Peanut Butter,2.36,4.18,North America
941,Nicaragua,Pork,3.38,11.96,North America
942,Nicaragua,Poultry,21.31,22.89,North America
943,Nicaragua,Rice,43.33,55.45,North America
944,Nicaragua,Soybeans,0.01,0.0,North America
945,Nicaragua,Wheat and Wheat Products,28.17,5.37,North America
946,Niger,Beef,8.97,276.8,Africa
947,Niger,Eggs,0.3,0.28,Africa
948,Niger,Fish,2.7,4.31,Africa
949,Niger,Lamb & Goat,4.17,146.03,Africa
950,Niger,Milk - inc. cheese,58.92,83.93,Africa
951,Niger,Nuts inc. Peanut Butter,6.95,12.3,Africa
952,Niger,Pork,0.09,0.32,Africa
953,Niger,Poultry,1.08,1.16,Africa
954,Niger,Rice,13.17,16.85,Africa
955,Niger,Soybeans,0.0,0.0,Africa
956,Niger,Wheat and Wheat Products,4.79,0.91,Africa
957,Nigeria,Beef,2.33,71.9,Africa
958,Nigeria,Eggs,3.46,3.18,Africa
959,Nigeria,Fish,16.03,25.59,Africa
960,Nigeria,Lamb & Goat,2.72,95.25,Africa
961,Nigeria,Milk - inc. cheese,7.91,11.27,Africa
962,Nigeria,Nuts inc. Peanut Butter,6.930000000000001,12.27,Africa
963,Nigeria,Pork,1.47,5.2,Africa
964,Nigeria,Poultry,1.73,1.86,Africa
965,Nigeria,Rice,28.23,36.13,Africa
966,Nigeria,Soybeans,2.6,1.1700000000000002,Africa
967,Nigeria,Wheat and Wheat Products,20.82,3.97,Africa
968,Norway,Beef,19.83,611.91,Europe
969,Norway,Eggs,11.41,10.48,Europe
970,Norway,Fish,38.18,60.96,Europe
971,Norway,Lamb & Goat,5.34,187.01,Europe
972,Norway,Milk - inc. cheese,261.34000000000003,372.25,Europe
973,Norway,Nuts inc. Peanut Butter,5.28,9.35,Europe
974,Norway,Pork,23.51,83.21000000000001,Europe
975,Norway,Poultry,21.01,22.57,Europe
976,Norway,Rice,4.359999999999999,5.58,Europe
977,Norway,Soybeans,0.11,0.05,Europe
978,Norway,Wheat and Wheat Products,97.12,18.52,Europe
979,Oman,Beef,15.1,465.95,Asia
980,Oman,Eggs,7.8,7.17,Asia
981,Oman,Fish,21.56,34.42,Asia
982,Oman,Lamb & Goat,12.87,450.71,Asia
983,Oman,Milk - inc. cheese,152.28,216.91,Asia
984,Oman,Nuts inc. Peanut Butter,1.6800000000000002,2.97,Asia
985,Oman,Pork,0.01,0.04,Asia
986,Oman,Poultry,31.51,33.849999999999994,Asia
987,Oman,Rice,56.55,72.36999999999999,Asia
988,Oman,Soybeans,0.21,0.09,Asia
989,Oman,Wheat and Wheat Products,64.1,12.22,Asia
990,Pakistan,Beef,8.82,272.17,Asia
991,Pakistan,Eggs,2.95,2.71,Asia
992,Pakistan,Fish,1.87,2.99,Asia
993,Pakistan,Lamb & Goat,2.46,86.14999999999999,Asia
994,Pakistan,Milk - inc. cheese,183.13,260.85,Asia
995,Pakistan,Nuts inc. Peanut Butter,0.8300000000000001,1.47,Asia
996,Pakistan,Pork,0.0,0.0,Asia
997,Pakistan,Poultry,5.01,5.38,Asia
998,Pakistan,Rice,12.25,15.68,Asia
999,Pakistan,Soybeans,0.0,0.0,Asia
1000,Pakistan,Wheat and Wheat Products,113.63,21.67,Asia
1001,Panama,Beef,20.4,629.5,North America
1002,Panama,Eggs,4.53,4.159999999999999,North America
1003,Panama,Fish,11.05,17.64,North America
1004,Panama,Lamb & Goat,0.01,0.35,North America
1005,Panama,Milk - inc. cheese,70.29,100.12,North America
1006,Panama,Nuts inc. Peanut Butter,1.05,1.86,North America
1007,Panama,Pork,13.48,47.71,North America
1008,Panama,Poultry,30.81,33.1,North America
1009,Panama,Rice,66.42,85.0,North America
1010,Panama,Soybeans,3.53,1.59,North America
1011,Panama,Wheat and Wheat Products,38.96,7.430000000000001,North America
1012,Paraguay,Beef,19.81,611.2900000000001,South America
1013,Paraguay,Eggs,18.83,17.3,South America
1014,Paraguay,Fish,3.6,5.75,South America
1015,Paraguay,Lamb & Goat,0.56,19.610000000000003,South America
1016,Paraguay,Milk - inc. cheese,75.72,107.86,South America
1017,Paraguay,Nuts inc. Peanut Butter,1.6,2.83,South America
1018,Paraguay,Pork,26.24,92.88,South America
1019,Paraguay,Poultry,6.39,6.859999999999999,South America
1020,Paraguay,Rice,4.91,6.28,South America
1021,Paraguay,Soybeans,0.0,0.0,South America
1022,Paraguay,Wheat and Wheat Products,31.51,6.01,South America
1023,Peru,Beef,4.69,144.72,South America
1024,Peru,Eggs,8.76,8.05,South America
1025,Peru,Fish,15.739999999999998,25.130000000000003,South America
1026,Peru,Lamb & Goat,1.0,35.02,South America
1027,Peru,Milk - inc. cheese,62.15,88.53,South America
1028,Peru,Nuts inc. Peanut Butter,0.65,1.15,South America
1029,Peru,Pork,3.85,13.63,South America
1030,Peru,Poultry,11.72,12.59,South America
1031,Peru,Rice,48.92,62.6,South America
1032,Peru,Soybeans,1.59,0.72,South America
1033,Peru,Wheat and Wheat Products,56.120000000000005,10.7,South America
1034,Philippines,Beef,4.06,125.28,Asia
1035,Philippines,Eggs,4.02,3.69,Asia
1036,Philippines,Fish,28.51,45.52,Asia
1037,Philippines,Lamb & Goat,0.56,19.610000000000003,Asia
1038,Philippines,Milk - inc. cheese,15.66,22.31,Asia
1039,Philippines,Nuts inc. Peanut Butter,2.08,3.68,Asia
1040,Philippines,Pork,18.4,65.13,Asia
1041,Philippines,Poultry,11.91,12.79,Asia
1042,Philippines,Rice,119.44,152.85000000000002,Asia
1043,Philippines,Soybeans,0.03,0.01,Asia
1044,Philippines,Wheat and Wheat Products,23.12,4.41,Asia
1045,Poland,Beef,2.32,71.59,Europe
1046,Poland,Eggs,7.53,6.92,Europe
1047,Poland,Fish,10.49,16.75,Europe
1048,Poland,Lamb & Goat,0.02,0.7,Europe
1049,Poland,Milk - inc. cheese,205.39,292.56,Europe
1050,Poland,Nuts inc. Peanut Butter,2.23,3.95,Europe
1051,Poland,Pork,46.190000000000005,163.49,Europe
1052,Poland,Poultry,27.41,29.44,Europe
1053,Poland,Rice,0.95,1.22,Europe
1054,Poland,Soybeans,0.06,0.03,Europe
1055,Poland,Wheat and Wheat Products,108.83,20.75,Europe
1056,Portugal,Beef,16.45,507.61,Europe
1057,Portugal,Eggs,9.05,8.31,Europe
1058,Portugal,Fish,45.39,72.47,Europe
1059,Portugal,Lamb & Goat,2.38,83.35,Europe
1060,Portugal,Milk - inc. cheese,205.04,292.06,Europe
1061,Portugal,Nuts inc. Peanut Butter,3.91,6.92,Europe
1062,Portugal,Pork,37.91,134.18,Europe
1063,Portugal,Poultry,30.14,32.379999999999995,Europe
1064,Portugal,Rice,14.86,19.02,Europe
1065,Portugal,Soybeans,0.01,0.0,Europe
1066,Portugal,Wheat and Wheat Products,94.3,17.979999999999997,Europe
1067,Romania,Beef,4.78,147.5,Europe
1068,Romania,Eggs,12.94,11.89,Europe
1069,Romania,Fish,6.07,9.69,Europe
1070,Romania,Lamb & Goat,3.41,119.42,Europe
1071,Romania,Milk - inc. cheese,238.33,339.48,Europe
1072,Romania,Nuts inc. Peanut Butter,1.8,3.19,Europe
1073,Romania,Pork,25.31,89.58,Europe
1074,Romania,Poultry,15.38,16.52,Europe
1075,Romania,Rice,2.59,3.31,Europe
1076,Romania,Soybeans,0.01,0.0,Europe
1077,Romania,Wheat and Wheat Products,134.87,25.72,Europe
1078,Russia,Beef,16.979999999999997,523.97,Europe
1079,Russia,Eggs,15.43,14.17,Europe
1080,Russia,Fish,20.82,33.24,Europe
1081,Russia,Lamb & Goat,1.4,49.03,Europe
1082,Russia,Milk - inc. cheese,163.57,232.99,Europe
1083,Russia,Nuts inc. Peanut Butter,1.62,2.87,Europe
1084,Russia,Pork,25.66,90.82,Europe
1085,Russia,Poultry,27.5,29.54,Europe
1086,Russia,Rice,4.71,6.03,Europe
1087,Russia,Soybeans,0.05,0.02,Europe
1088,Russia,Wheat and Wheat Products,130.99,24.98,Europe
1089,Rwanda,Beef,2.53,78.07,Africa
1090,Rwanda,Eggs,0.16,0.15,Africa
1091,Rwanda,Fish,3.88,6.2,Africa
1092,Rwanda,Lamb & Goat,1.93,67.59,Africa
1093,Rwanda,Milk - inc. cheese,7.23,10.3,Africa
1094,Rwanda,Nuts inc. Peanut Butter,0.58,1.03,Africa
1095,Rwanda,Pork,0.76,2.69,Africa
1096,Rwanda,Poultry,1.34,1.44,Africa
1097,Rwanda,Rice,8.7,11.13,Africa
1098,Rwanda,Soybeans,1.93,0.8700000000000001,Africa
1099,Rwanda,Wheat and Wheat Products,11.34,2.16,Africa
1100,Saudi Arabia,Beef,6.45,199.03,Asia
1101,Saudi Arabia,Eggs,5.37,4.930000000000001,Asia
1102,Saudi Arabia,Fish,11.99,19.14,Asia
1103,Saudi Arabia,Lamb & Goat,6.54,229.03,Asia
1104,Saudi Arabia,Milk - inc. cheese,83.64999999999999,119.15,Asia
1105,Saudi Arabia,Nuts inc. Peanut Butter,3.23,5.72,Asia
1106,Saudi Arabia,Pork,0.0,0.0,Asia
1107,Saudi Arabia,Poultry,49.05,52.690000000000005,Asia
1108,Saudi Arabia,Rice,36.02,46.09,Asia
1109,Saudi Arabia,Soybeans,0.05,0.02,Asia
1110,Saudi Arabia,Wheat and Wheat Products,89.47,17.06,Asia
1111,Senegal,Beef,5.85,180.52,Africa
1112,Senegal,Eggs,1.63,1.5,Africa
1113,Senegal,Fish,22.94,36.63,Africa
1114,Senegal,Lamb & Goat,3.19,111.71,Africa
1115,Senegal,Milk - inc. cheese,16.86,24.02,Africa
1116,Senegal,Nuts inc. Peanut Butter,4.03,7.13,Africa
1117,Senegal,Pork,0.94,3.33,Africa
1118,Senegal,Poultry,4.619999999999999,4.96,Africa
1119,Senegal,Rice,72.29,92.51,Africa
1120,Senegal,Soybeans,0.0,0.0,Africa
1121,Senegal,Wheat and Wheat Products,37.32,7.119999999999999,Africa
1122,Serbia,Beef,7.05,217.55,Europe
1123,Serbia,Eggs,8.89,8.17,Europe
1124,Serbia,Fish,5.59,8.93,Europe
1125,Serbia,Lamb & Goat,3.56,124.67,Europe
1126,Serbia,Milk - inc. cheese,148.53,211.57,Europe
1127,Serbia,Nuts inc. Peanut Butter,3.31,5.859999999999999,Europe
1128,Serbia,Pork,32.04,113.41,Europe
1129,Serbia,Poultry,10.64,11.43,Europe
1130,Serbia,Rice,1.22,1.56,Europe
1131,Serbia,Soybeans,0.0,0.0,Europe
1132,Serbia,Wheat and Wheat Products,105.88,20.19,Europe
1133,Sierra Leone,Beef,1.99,61.41,Africa
1134,Sierra Leone,Eggs,1.92,1.76,Africa
1135,Sierra Leone,Fish,32.03,51.14,Africa
1136,Sierra Leone,Lamb & Goat,0.65,22.76,Africa
1137,Sierra Leone,Milk - inc. cheese,7.0,9.97,Africa
1138,Sierra Leone,Nuts inc. Peanut Butter,5.57,9.86,Africa
1139,Sierra Leone,Pork,1.22,4.319999999999999,Africa
1140,Sierra Leone,Poultry,4.970000000000001,5.34,Africa
1141,Sierra Leone,Rice,103.3,132.19,Africa
1142,Sierra Leone,Soybeans,0.0,0.0,Africa
1143,Sierra Leone,Wheat and Wheat Products,8.719999999999999,1.66,Africa
1144,Slovakia,Beef,5.19,160.15,Europe
1145,Slovakia,Eggs,16.05,14.739999999999998,Europe
1146,Slovakia,Fish,8.39,13.4,Europe
1147,Slovakia,Lamb & Goat,0.16,5.6,Europe
1148,Slovakia,Milk - inc. cheese,143.14,203.89,Europe
1149,Slovakia,Nuts inc. Peanut Butter,3.7,6.55,Europe
1150,Slovakia,Pork,31.78,112.49,Europe
1151,Slovakia,Poultry,15.13,16.25,Europe
1152,Slovakia,Rice,2.88,3.69,Europe
1153,Slovakia,Soybeans,0.02,0.01,Europe
1154,Slovakia,Wheat and Wheat Products,123.62,23.57,Europe
1155,Slovenia,Beef,18.43,568.71,Europe
1156,Slovenia,Eggs,9.36,8.6,Europe
1157,Slovenia,Fish,7.76,12.39,Europe
1158,Slovenia,Lamb & Goat,0.7899999999999999,27.67,Europe
1159,Slovenia,Milk - inc. cheese,235.01,334.75,Europe
1160,Slovenia,Nuts inc. Peanut Butter,5.28,9.35,Europe
1161,Slovenia,Pork,28.19,99.78,Europe
1162,Slovenia,Poultry,23.46,25.2,Europe
1163,Slovenia,Rice,3.95,5.05,Europe
1164,Slovenia,Soybeans,0.75,0.3399999999999999,Europe
1165,Slovenia,Wheat and Wheat Products,103.43,19.72,Europe
1166,South Africa,Beef,18.03,556.37,Africa
1167,South Africa,Eggs,7.21,6.619999999999999,Africa
1168,South Africa,Fish,5.56,8.88,Africa
1169,South Africa,Lamb & Goat,4.28,149.89,Africa
1170,South Africa,Milk - inc. cheese,55.75,79.41000000000001,Africa
1171,South Africa,Nuts inc. Peanut Butter,1.04,1.84,Africa
1172,South Africa,Pork,4.159999999999999,14.72,Africa
1173,South Africa,Poultry,37.57,40.36,Africa
1174,South Africa,Rice,17.41,22.28,Africa
1175,South Africa,Soybeans,1.27,0.5700000000000001,Africa
1176,South Africa,Wheat and Wheat Products,60.13,11.47,Africa
1177,South Korea,Beef,14.53,448.37,Asia
1178,South Korea,Eggs,11.239999999999998,10.33,Asia
1179,South Korea,Fish,33.09,52.83,Asia
1180,South Korea,Lamb & Goat,0.14,4.9,Asia
1181,South Korea,Milk - inc. cheese,29.05,41.38,Asia
1182,South Korea,Nuts inc. Peanut Butter,4.88,8.639999999999999,Asia
1183,South Korea,Pork,32.760000000000005,115.95,Asia
1184,South Korea,Poultry,16.0,17.19,Asia
1185,South Korea,Rice,85.17999999999999,109.0,Asia
1186,South Korea,Soybeans,8.350000000000001,3.76,Asia
1187,South Korea,Wheat and Wheat Products,50.84,9.7,Asia
1188,Spain,Beef,12.15,374.92,Europe
1189,Spain,Eggs,13.32,12.239999999999998,Europe
1190,Spain,Fish,28.83,46.03,Europe
1191,Spain,Lamb & Goat,2.16,75.64,Europe
1192,Spain,Milk - inc. cheese,164.29,234.01,Europe
1193,Spain,Nuts inc. Peanut Butter,7.44,13.17,Europe
1194,Spain,Pork,48.92,173.15,Europe
1195,Spain,Poultry,28.630000000000003,30.75,Europe
1196,Spain,Rice,8.32,10.65,Europe
1197,Spain,Soybeans,0.02,0.01,Europe
1198,Spain,Wheat and Wheat Products,93.88,17.9,Europe
1199,Sri Lanka,Beef,1.38,42.58,Asia
1200,Sri Lanka,Eggs,4.57,4.2,Asia
1201,Sri Lanka,Fish,24.92,39.790000000000006,Asia
1202,Sri Lanka,Lamb & Goat,0.09,3.15,Asia
1203,Sri Lanka,Milk - inc. cheese,34.98,49.83,Asia
1204,Sri Lanka,Nuts inc. Peanut Butter,1.09,1.93,Asia
1205,Sri Lanka,Pork,0.05,0.18,Asia
1206,Sri Lanka,Poultry,4.96,5.33,Asia
1207,Sri Lanka,Rice,109.72,140.41,Asia
1208,Sri Lanka,Soybeans,0.0,0.0,Asia
1209,Sri Lanka,Wheat and Wheat Products,37.01,7.06,Asia
1210,Swaziland,Beef,15.1,465.95,Africa
1211,Swaziland,Eggs,1.5,1.38,Africa
1212,Swaziland,Fish,1.26,2.01,Africa
1213,Swaziland,Lamb & Goat,1.94,67.94000000000001,Africa
1214,Swaziland,Milk - inc. cheese,56.6,80.61999999999999,Africa
1215,Swaziland,Nuts inc. Peanut Butter,6.44,11.4,Africa
1216,Swaziland,Pork,2.43,8.6,Africa
1217,Swaziland,Poultry,6.18,6.64,Africa
1218,Swaziland,Rice,21.15,27.07,Africa
1219,Swaziland,Soybeans,0.55,0.25,Africa
1220,Swaziland,Wheat and Wheat Products,37.15,7.08,Africa
1221,Sweden,Beef,24.58,758.49,Europe
1222,Sweden,Eggs,13.37,12.28,Europe
1223,Sweden,Fish,23.86,38.1,Europe
1224,Sweden,Lamb & Goat,1.41,49.38,Europe
1225,Sweden,Milk - inc. cheese,341.23,486.05,Europe
1226,Sweden,Nuts inc. Peanut Butter,6.23,11.03,Europe
1227,Sweden,Pork,37.0,130.96,Europe
1228,Sweden,Poultry,16.64,17.87,Europe
1229,Sweden,Rice,5.96,7.63,Europe
1230,Sweden,Soybeans,0.13,0.06,Europe
1231,Sweden,Wheat and Wheat Products,79.59,15.18,Europe
1232,Switzerland,Beef,21.26,656.04,Europe
1233,Switzerland,Eggs,10.53,9.67,Europe
1234,Switzerland,Fish,13.48,21.52,Europe
1235,Switzerland,Lamb & Goat,1.42,49.73,Europe
1236,Switzerland,Milk - inc. cheese,318.69,453.94,Europe
1237,Switzerland,Nuts inc. Peanut Butter,9.27,16.41,Europe
1238,Switzerland,Pork,31.49,111.46,Europe
1239,Switzerland,Poultry,16.38,17.6,Europe
1240,Switzerland,Rice,2.43,3.11,Europe
1241,Switzerland,Soybeans,0.44,0.2,Europe
1242,Switzerland,Wheat and Wheat Products,89.51,17.07,Europe
1243,Taiwan. ROC,Beef,5.21,160.76999999999998,others
1244,Taiwan. ROC,Eggs,13.08,12.02,others
1245,Taiwan. ROC,Fish,18.29,29.2,others
1246,Taiwan. ROC,Lamb & Goat,0.92,32.220000000000006,others
1247,Taiwan. ROC,Milk - inc. cheese,41.720000000000006,59.43,others
1248,Taiwan. ROC,Nuts inc. Peanut Butter,9.06,16.04,others
1249,Taiwan. ROC,Pork,39.37,139.35000000000002,others
1250,Taiwan. ROC,Poultry,32.13,34.51,others
1251,Taiwan. ROC,Rice,45.85,58.67,others
1252,Taiwan. ROC,Soybeans,16.95,7.63,others
1253,Taiwan. ROC,Wheat and Wheat Products,50.92,9.71,others
1254,Tanzania,Beef,6.09,187.92,Africa
1255,Tanzania,Eggs,0.58,0.53,Africa
1256,Tanzania,Fish,5.5,8.78,Africa
1257,Tanzania,Lamb & Goat,1.28,44.83,Africa
1258,Tanzania,Milk - inc. cheese,40.290000000000006,57.39,Africa
1259,Tanzania,Nuts inc. Peanut Butter,5.94,10.51,Africa
1260,Tanzania,Pork,0.32,1.13,Africa
1261,Tanzania,Poultry,1.84,1.98,Africa
1262,Tanzania,Rice,21.01,26.89,Africa
1263,Tanzania,Soybeans,0.04,0.02,Africa
1264,Tanzania,Wheat and Wheat Products,15.94,3.04,Africa
1265,Thailand,Beef,2.56,79.0,Asia
1266,Thailand,Eggs,12.35,11.34,Asia
1267,Thailand,Fish,19.45,31.06,Asia
1268,Thailand,Lamb & Goat,0.05,1.75,Asia
1269,Thailand,Milk - inc. cheese,29.35,41.81,Asia
1270,Thailand,Nuts inc. Peanut Butter,1.5,2.66,Asia
1271,Thailand,Pork,13.0,46.01,Asia
1272,Thailand,Poultry,13.69,14.71,Asia
1273,Thailand,Rice,114.57,146.62,Asia
1274,Thailand,Soybeans,2.13,0.96,Asia
1275,Thailand,Wheat and Wheat Products,10.93,2.08,Asia
1276,Togo,Beef,1.53,47.21,Africa
1277,Togo,Eggs,0.8600000000000001,0.7899999999999999,Africa
1278,Togo,Fish,11.69,18.67,Africa
1279,Togo,Lamb & Goat,1.58,55.33,Africa
1280,Togo,Milk - inc. cheese,7.96,11.34,Africa
1281,Togo,Nuts inc. Peanut Butter,3.59,6.35,Africa
1282,Togo,Pork,1.57,5.56,Africa
1283,Togo,Poultry,6.63,7.119999999999999,Africa
1284,Togo,Rice,25.99,33.260000000000005,Africa
1285,Togo,Soybeans,0.01,0.0,Africa
1286,Togo,Wheat and Wheat Products,12.91,2.46,Africa
1287,Trinidad and Tobago,Beef,6.13,189.16,North America
1288,Trinidad and Tobago,Eggs,4.2,3.86,North America
1289,Trinidad and Tobago,Fish,20.54,32.8,North America
1290,Trinidad and Tobago,Lamb & Goat,2.79,97.71,North America
1291,Trinidad and Tobago,Milk - inc. cheese,103.8,147.85000000000002,North America
1292,Trinidad and Tobago,Nuts inc. Peanut Butter,3.78,6.69,North America
1293,Trinidad and Tobago,Pork,8.92,31.57,North America
1294,Trinidad and Tobago,Poultry,58.27,62.59,North America
1295,Trinidad and Tobago,Rice,16.38,20.96,North America
1296,Trinidad and Tobago,Soybeans,0.04,0.02,North America
1297,Trinidad and Tobago,Wheat and Wheat Products,90.17,17.2,North America
1298,Tunisia,Beef,5.53,170.64,Africa
1299,Tunisia,Eggs,7.67,7.05,Africa
1300,Tunisia,Fish,12.63,20.17,Africa
1301,Tunisia,Lamb & Goat,5.34,187.01,Africa
1302,Tunisia,Milk - inc. cheese,114.47,163.05,Africa
1303,Tunisia,Nuts inc. Peanut Butter,6.34,11.22,Africa
1304,Tunisia,Pork,0.0,0.0,Africa
1305,Tunisia,Poultry,18.5,19.87,Africa
1306,Tunisia,Rice,1.07,1.37,Africa
1307,Tunisia,Soybeans,1.88,0.8500000000000001,Africa
1308,Tunisia,Wheat and Wheat Products,197.5,37.66,Africa
1309,Turkey,Beef,11.64,359.19,Asia
1310,Turkey,Eggs,8.2,7.53,Asia
1311,Turkey,Fish,5.58,8.91,Asia
1312,Turkey,Lamb & Goat,4.68,163.89,Asia
1313,Turkey,Milk - inc. cheese,193.94,276.25,Asia
1314,Turkey,Nuts inc. Peanut Butter,7.970000000000001,14.11,Asia
1315,Turkey,Pork,0.01,0.04,Asia
1316,Turkey,Poultry,18.78,20.17,Asia
1317,Turkey,Rice,10.739999999999998,13.739999999999998,Asia
1318,Turkey,Soybeans,1.71,0.77,Asia
1319,Turkey,Wheat and Wheat Products,169.96,32.41,Asia
1320,United States,Beef,36.24,1118.29,North America
1321,United States,Eggs,14.58,13.39,North America
1322,United States,Fish,12.35,19.72,North America
1323,United States,Lamb & Goat,0.43,15.06,North America
1324,United States,Milk - inc. cheese,254.69,362.78,North America
1325,United States,Nuts inc. Peanut Butter,7.859999999999999,13.91,North America
1326,United States,Pork,27.64,97.83,North America
1327,United States,Poultry,50.01,53.720000000000006,North America
1328,United States,Rice,6.88,8.8,North America
1329,United States,Soybeans,0.04,0.02,North America
1330,United States,Wheat and Wheat Products,80.43,15.34,North America
1331,Uganda,Beef,5.15,158.92000000000002,Africa
1332,Uganda,Eggs,0.97,0.89,Africa
1333,Uganda,Fish,12.5,19.96,Africa
1334,Uganda,Lamb & Goat,1.25,43.77,Africa
1335,Uganda,Milk - inc. cheese,37.27,53.09,Africa
1336,Uganda,Nuts inc. Peanut Butter,3.77,6.67,Africa
1337,Uganda,Pork,3.37,11.93,Africa
1338,Uganda,Poultry,1.51,1.62,Africa
1339,Uganda,Rice,4.64,5.94,Africa
1340,Uganda,Soybeans,0.01,0.0,Africa
1341,Uganda,Wheat and Wheat Products,10.14,1.93,Africa
1342,Ukraine,Beef,8.96,276.48999999999995,Europe
1343,Ukraine,Eggs,18.01,16.54,Europe
1344,Ukraine,Fish,15.23,24.32,Europe
1345,Ukraine,Lamb & Goat,0.41,14.36,Europe
1346,Ukraine,Milk - inc. cheese,145.03,206.58,Europe
1347,Ukraine,Nuts inc. Peanut Butter,2.68,4.74,Europe
1348,Ukraine,Pork,20.56,72.77,Europe
1349,Ukraine,Poultry,24.23,26.03,Europe
1350,Ukraine,Rice,3.0,3.84,Europe
1351,Ukraine,Soybeans,0.02,0.01,Europe
1352,Ukraine,Wheat and Wheat Products,105.15,20.05,Europe
1353,United Arab Emirates,Beef,5.64,174.04,Asia
1354,United Arab Emirates,Eggs,8.229999999999999,7.56,Asia
1355,United Arab Emirates,Fish,20.41,32.59,Asia
1356,United Arab Emirates,Lamb & Goat,9.08,317.98,Asia
1357,United Arab Emirates,Milk - inc. cheese,132.66,188.96,Asia
1358,United Arab Emirates,Nuts inc. Peanut Butter,23.03,40.760000000000005,Asia
1359,United Arab Emirates,Pork,0.0,0.0,Asia
1360,United Arab Emirates,Poultry,41.04,44.09,Asia
1361,United Arab Emirates,Rice,56.25,71.98,Asia
1362,United Arab Emirates,Soybeans,0.08,0.04,Asia
1363,United Arab Emirates,Wheat and Wheat Products,101.29,19.32,Asia
1364,United Kingdom,Beef,18.12,559.15,Europe
1365,United Kingdom,Eggs,11.08,10.18,Europe
1366,United Kingdom,Fish,15.49,24.73,Europe
1367,United Kingdom,Lamb & Goat,4.49,157.23999999999998,Europe
1368,United Kingdom,Milk - inc. cheese,232.2,330.75,Europe
1369,United Kingdom,Nuts inc. Peanut Butter,4.18,7.4,Europe
1370,United Kingdom,Pork,25.79,91.28,Europe
1371,United Kingdom,Poultry,31.55,33.89,Europe
1372,United Kingdom,Rice,6.39,8.18,Europe
1373,United Kingdom,Soybeans,0.05,0.02,Europe
1374,United Kingdom,Wheat and Wheat Products,98.63,18.81,Europe
1375,Uruguay,Beef,29.1,897.9599999999999,South America
1376,Uruguay,Eggs,13.14,12.07,South America
1377,Uruguay,Fish,6.53,10.43,South America
1378,Uruguay,Lamb & Goat,8.229999999999999,288.21,South America
1379,Uruguay,Milk - inc. cheese,210.54,299.89,South America
1380,Uruguay,Nuts inc. Peanut Butter,0.95,1.6800000000000002,South America
1381,Uruguay,Pork,16.84,59.61,South America
1382,Uruguay,Poultry,27.45,29.49,South America
1383,Uruguay,Rice,11.5,14.72,South America
1384,Uruguay,Soybeans,0.01,0.0,South America
1385,Uruguay,Wheat and Wheat Products,109.31,20.85,South America
1386,Venezuela,Beef,25.89,798.91,South America
1387,Venezuela,Eggs,5.63,5.17,South America
1388,Venezuela,Fish,8.34,13.32,South America
1389,Venezuela,Lamb & Goat,0.32,11.21,South America
1390,Venezuela,Milk - inc. cheese,117.79,167.78,South America
1391,Venezuela,Nuts inc. Peanut Butter,0.35,0.62,South America
1392,Venezuela,Pork,7.23,25.59,South America
1393,Venezuela,Poultry,39.28,42.190000000000005,South America
1394,Venezuela,Rice,23.39,29.93,South America
1395,Venezuela,Soybeans,0.0,0.0,South America
1396,Venezuela,Wheat and Wheat Products,49.17,9.38,South America
1397,Vietnam,Beef,7.44,229.58,Asia
1398,Vietnam,Eggs,3.84,3.53,Asia
1399,Vietnam,Fish,26.52,42.34,Asia
1400,Vietnam,Lamb & Goat,0.14,4.9,Asia
1401,Vietnam,Milk - inc. cheese,16.36,23.3,Asia
1402,Vietnam,Nuts inc. Peanut Butter,6.28,11.12,Asia
1403,Vietnam,Pork,35.0,123.88,Asia
1404,Vietnam,Poultry,12.36,13.28,Asia
1405,Vietnam,Rice,144.56,184.99,Asia
1406,Vietnam,Soybeans,5.75,2.59,Asia
1407,Vietnam,Wheat and Wheat Products,10.49,2.0,Asia
1408,Zambia,Beef,4.76,146.88000000000002,Africa
1409,Zambia,Eggs,3.32,3.05,Africa
1410,Zambia,Fish,6.2,9.9,Africa
1411,Zambia,Lamb & Goat,0.6799999999999999,23.81,Africa
1412,Zambia,Milk - inc. cheese,9.71,13.83,Africa
1413,Zambia,Nuts inc. Peanut Butter,5.04,8.92,Africa
1414,Zambia,Pork,1.66,5.88,Africa
1415,Zambia,Poultry,3.29,3.53,Africa
1416,Zambia,Rice,3.05,3.9,Africa
1417,Zambia,Soybeans,7.3,3.29,Africa
1418,Zambia,Wheat and Wheat Products,12.1,2.31,Africa
1419,Zimbabwe,Beef,7.37,227.42,Africa
1420,Zimbabwe,Eggs,1.75,1.61,Africa
1421,Zimbabwe,Fish,2.8,4.470000000000001,Africa
1422,Zimbabwe,Lamb & Goat,0.96,33.620000000000005,Africa
1423,Zimbabwe,Milk - inc. cheese,31.9,45.44,Africa
1424,Zimbabwe,Nuts inc. Peanut Butter,2.22,3.93,Africa
1425,Zimbabwe,Pork,2.65,9.38,Africa
1426,Zimbabwe,Poultry,4.970000000000001,5.34,Africa
1427,Zimbabwe,Rice,10.09,12.91,Africa
1428,Zimbabwe,Soybeans,0.54,0.24,Africa
1429,Zimbabwe,Wheat and Wheat Products,31.31,5.970000000000001,Africa
